{"columns":["mse","mean_relative_error","max_absolute_error","mean_width","max_width","coverage","n_samples"],"index":[0,1,2,3,4,5,6,7,8,9,10,11,12,13,14,15,16,17,18,19],"data":[[0.6783212696,0.999696457,0.9859227265,0.0031806175,0.0047363304,0.0,100],[0.6689602048,0.9927083762,0.9802645954,0.005627153,0.0074612126,0.0,130],[0.6703584189,0.9937574537,0.981395411,0.0061683017,0.008282721,0.0,160],[0.678772765,1.0000342287,0.9861560038,0.0009504503,0.0009504504,0.0,190],[0.6769526526,0.9986785801,0.9850478175,0.0019380944,0.0019381118,0.0,220],[0.6324618602,0.9650737564,0.9534721734,0.0031212051,0.0044244491,0.0,250],[0.6787501987,1.0000174321,0.9861422734,0.0002501582,0.0002501582,0.0,280],[0.6785858057,0.9998950624,0.9860422422,0.000080961,0.000080961,0.0,310],[0.6729161864,0.9956706354,0.9824774448,0.0003997255,0.0004755473,0.0,340],[0.6788507688,1.0000922865,0.9862034632,0.0002110913,0.0002110913,0.0,370],[0.6570519801,0.9837418905,0.9724973428,0.010942312,0.0142964851,0.0,400],[0.6779016662,0.9993868162,0.9856104581,-0.0004244047,-0.0003626127,0.0,430],[0.6739808768,0.9964636791,0.9832059149,0.0011120343,0.0011434597,0.0,460],[0.6785280591,0.9998519984,0.9860074996,0.0012271859,0.0013135131,0.0,490],[0.6787024589,0.9999818974,0.9861132255,0.0000411181,0.0000411181,0.0,520],[0.6788150892,1.000065727,0.9861817888,0.0001893474,0.0001893805,0.0,550],[0.678587411,0.9998962574,0.986043219,0.0002477816,0.0002477816,0.0,580],[0.6786862633,0.9999698421,0.9861033709,0.0000684828,0.0000684828,0.0,610],[0.6787120217,0.9999890155,0.9861190442,0.0000346999,0.0000346999,0.0,640],[0.6787470612,1.0000150968,0.9861403644,0.0000240772,0.0000240772,0.0,670]]}