{"columns":["mse","mean_relative_error","max_absolute_error","mean_width","max_width","coverage","n_samples"],"index":[0,1,2,3,4,5,6,7,8,9,10,11,12,13,14,15,16,17,18,19],"data":[[0.696121139,0.9790749897,0.9712350523,0.0003964959,0.0004413761,0.0,100],[0.7239316652,0.9986222777,0.9861167715,-0.0010116723,-0.0007448313,0.0,130],[0.5249163144,0.8492748333,0.8539470626,0.0024930877,0.0038544387,0.0,160],[0.5432578756,0.8640548453,0.866164778,0.0035559405,0.0040349364,0.0,190],[0.5443101757,0.8649791386,0.8689737139,-0.0004704437,0.0013337284,0.0,220],[0.5373018553,0.8591947103,0.8644213869,0.0003595646,0.0017210022,0.0,250],[0.5343977645,0.8570017287,0.8613169385,0.0347277969,0.0404711813,0.0,280],[0.68996971,0.9747019696,0.9659114057,0.0304523204,0.0304523222,0.0,310],[0.552193156,0.871254473,0.8723172141,0.0035336758,0.0039160699,0.0,340],[0.5231687862,0.8478652675,0.8509933518,-0.0004269627,0.0001263171,0.0,370],[0.7243235779,0.9988939175,0.9863827905,0.0044370727,0.0045963037,0.0,400],[0.7259389592,1.0000169024,0.9873360884,-0.0000034842,-0.0000034842,0.0,430],[0.7046271649,0.9850907685,0.9747844903,0.0211139526,0.0214520134,0.0,460],[0.4216872915,0.7603595292,0.7774129255,0.0026769564,0.0028022379,0.0,490],[0.6396479029,0.9382574629,0.9340718804,0.0893988237,0.0957948938,0.0,520],[0.5337039153,0.856487825,0.8607422604,0.1335957348,0.1549215168,0.0,550],[0.4536648633,0.7892489601,0.796826054,0.0985291749,0.1117883623,0.0,580],[0.4618850685,0.7963448748,0.806354584,0.1087854058,0.1213276535,0.0,610],[0.7259139678,0.9999995351,0.98732139,0.0008399708,0.0008399707,0.0,640],[0.4755943315,0.8080556815,0.8140707182,0.0440273806,0.05520311,0.0,670]]}