{"columns":["mse","mean_relative_error","max_absolute_error","mean_width","max_width","coverage","n_samples"],"index":[0,1,2,3,4,5,6,7,8,9,10,11,12,13,14,15,16,17,18,19],"data":[[0.5334275414,0.8289413133,0.8397806307,0.006776182,0.0088095963,0.0,100],[0.00880642,0.1002754908,0.1592999491,0.014816625,0.0173524618,0.004,130],[0.0011545218,0.0331000479,0.0774937423,0.0002934906,0.000639677,0.002,160],[0.0006157856,0.0230123513,0.0681641398,0.0204113275,0.0230568051,0.332,190],[0.0003436906,0.0181056348,0.0450473901,0.0015031707,0.0019078851,0.019,220],[0.0002319067,0.0142707261,0.0372340836,0.0025563927,0.0030726194,0.058,250],[0.0001700825,0.0123858694,0.0358195862,0.0188219305,0.0215198398,0.482,280],[0.0002230986,0.0148751293,0.036487269,0.0065672514,0.0086097717,0.097,310],[0.0003142961,0.0175498783,0.0422269672,0.005729489,0.0066202879,0.077,340],[0.0001998227,0.0137998783,0.0358921125,0.0008349084,0.0019856691,0.017,370],[0.000133989,0.0110206838,0.031189866,0.0026236023,0.004203558,0.088,400],[0.0001998657,0.0133875035,0.0377512426,0.0107125677,0.0113197565,0.252,430],[0.0001065076,0.0097421958,0.0276584711,0.0018575287,0.0031136274,0.054,460],[0.0001315651,0.0110729051,0.0315813324,0.0011178118,0.0013769865,0.034,490],[0.0273028281,0.1835560758,0.2244589891,0.222296536,0.2372326851,0.091,520],[0.0093613463,0.1090444377,0.1202748001,0.1506008804,0.1654552817,0.04,550],[0.0014265747,0.03753068,0.0729221515,0.1094213128,0.1196460724,0.85,580],[0.0017422693,0.0460499837,0.0687570841,0.0944883898,0.0959905982,0.737,610],[0.0013542193,0.0409018555,0.0608926907,0.1598782241,0.174167037,1.0,640],[0.0010192891,0.0349892732,0.05411601,0.1086737588,0.1119469404,1.0,670]]}