{"columns":["mse","mean_relative_error","max_absolute_error","mean_width","max_width","coverage","n_samples"],"index":[0,1,2,3,4,5,6,7,8,9,10,11,12,13,14,15,16,17,18,19],"data":[[0.100962953,0.3454614919,0.401999667,-0.0001213007,0.0014835,0.0,100],[0.0382084699,0.2116658154,0.2521244213,-0.0011869525,-0.0006859899,0.0,130],[0.039826531,0.2157130088,0.2598834143,0.0000013186,0.0007976294,0.0,160],[0.0356845644,0.2049230338,0.2417028596,0.0017285533,0.0027919412,0.0,190],[0.0485684705,0.238201536,0.2939095403,0.0206838567,0.0225657821,0.0,220],[0.0346707158,0.2004650957,0.2484022285,0.0220424458,0.0239385366,0.0,250],[0.0277907049,0.1812370226,0.2116077877,0.0051279292,0.0053104162,0.0,280],[0.0262733481,0.1766279065,0.198806513,0.0021118287,0.0022950172,0.0,310],[0.0328387341,0.1968285276,0.2293498139,0.0244406052,0.0260690451,0.0,340],[0.025603702,0.1745523112,0.1907594605,0.0318352245,0.0342507958,0.0,370],[0.0203877218,0.1553845084,0.1842579476,0.044882331,0.0494694114,0.0,400],[0.0353891622,0.2045390825,0.2355076927,0.0069994219,0.0076809525,0.0,430],[0.0132337101,0.1255367025,0.1407780134,0.03298584,0.0367652178,0.0,460],[0.0189558453,0.148826526,0.1823588497,0.0101752011,0.0109834671,0.0,490],[0.1075784291,0.3598754488,0.3815576829,0.2984093428,0.3180218935,0.0,520],[0.0452611219,0.232797435,0.25825167,0.1672576368,0.1795405149,0.0,550],[0.0565091004,0.2604489933,0.2842690239,0.2421054095,0.2607498765,0.0,580],[0.0419009081,0.2243164984,0.2399582296,0.1546969861,0.1647462249,0.0,610],[0.0249769074,0.1721937098,0.2005136118,0.1388305724,0.1482323408,0.0,640],[0.0364211818,0.2072736845,0.2443513911,0.104213953,0.1082305312,0.0,670]]}