{"columns":["mse","mean_relative_error","max_absolute_error","mean_width","max_width","coverage","n_samples"],"index":[0,1,2,3,4,5,6,7,8,9,10,11,12,13,14,15,16,17,18,19],"data":[[0.5708191636,0.8572918146,0.8668349442,0.026917018,0.0402366221,0.0,100],[0.7352603286,0.9741493543,0.9723920525,0.0239159968,0.023958195,0.0,130],[0.435149775,0.7481293931,0.7616265175,0.0478068404,0.0578060597,0.0,160],[0.2473807359,0.5625652443,0.5961718184,0.0470642634,0.0560279191,0.0,190],[0.2129743899,0.5218790753,0.5516244491,0.02415579,0.02800861,0.0,220],[0.7384925034,0.9762952233,0.9743147959,0.0220679138,0.0220679175,0.0,250],[0.2388211743,0.5524823249,0.5930491311,0.0738738179,0.0870706141,0.0,280],[0.2055609439,0.5121995748,0.5542294008,0.0458418317,0.0529667735,0.0,310],[0.1542883352,0.4442221258,0.469880567,0.0010314407,0.0019154549,0.0,340],[0.2960447731,0.6154670082,0.6514559013,0.0131708048,0.0173298717,0.0,370],[0.1979672181,0.5029622242,0.5375109458,0.0365408547,0.0431942642,0.0,400],[0.281725554,0.5999220914,0.6373308742,0.0000068927,0.0001995564,0.0,430],[0.2505003336,0.5659802014,0.5991774422,0.009313141,0.011555016,0.0,460],[0.1842341538,0.4852561014,0.5161211336,0.0005900049,0.0016563237,0.0,490],[0.472292601,0.7799370112,0.7832260785,0.2356381267,0.2806623876,0.0,520],[0.1449904449,0.4262785292,0.4795465041,0.3716021478,0.466811806,0.025,550],[0.0469606174,0.2368005283,0.3149227681,0.3730121553,0.4310906529,0.363,580],[0.0572095427,0.2597042674,0.3455662312,0.1501188129,0.1834532022,0.04,610],[0.0413012071,0.2218910988,0.2909968793,0.1510017365,0.1735072732,0.042,640],[0.0607676423,0.273836537,0.3250718484,0.1042252779,0.1186459064,0.004,670]]}