{"columns":["mse","mean_relative_error","max_absolute_error","mean_width","max_width","coverage","n_samples"],"index":[0,1,2,3,4,5,6,7,8,9,10,11,12,13,14,15,16,17,18,19],"data":[[0.6550254338,0.9495338476,0.9423972039,0.0154416272,0.0164050125,0.0,100],[0.5414589585,0.8627425787,0.8655630095,0.0022052003,0.0025550202,0.0,130],[0.5670969261,0.8829894395,0.8825721933,0.0010160019,0.0013283864,0.0,160],[0.6523642305,0.9475166666,0.9428199647,0.0604099333,0.0605147034,0.0,190],[0.0885983564,0.3435021126,0.4101153604,0.0132606886,0.0154426098,0.0,220],[0.0999294129,0.3608792781,0.4526141277,0.0176653489,0.025351882,0.0,250],[0.0013991049,0.0378600967,0.0934596383,0.044974234,0.0531305075,0.363,280],[0.0015747166,0.0394793978,0.0924354213,0.0205610767,0.0242621899,0.165,310],[0.0021737548,0.0473077827,0.1040912955,0.0023998437,0.002692461,0.004,340],[0.0022751052,0.0498325974,0.0984766512,0.0229198951,0.0274956822,0.103,370],[0.0023736869,0.0525868114,0.0939325514,0.0008403508,0.0015116334,0.0,400],[0.0012049363,0.0354662726,0.0714054539,0.0011608524,0.0013026595,0.007,430],[0.0012396461,0.0346080886,0.0848057426,0.0194834862,0.0229305029,0.209,460],[0.000862053,0.0284641469,0.0756270241,0.0023665251,0.0025160313,0.028,490],[0.0282639498,0.1918253277,0.2519598631,0.2661170661,0.2933080792,0.201,520],[0.0078657762,0.0987743725,0.1511000336,0.1396758556,0.1514469981,0.321,550],[0.0046283245,0.0694260997,0.128635639,0.09942431,0.1027391553,0.412,580],[0.0074272716,0.0962021929,0.1436363292,0.0946536288,0.0959631801,0.102,610],[0.004836201,0.0795655479,0.1172013621,0.0943303853,0.0997382998,0.111,640],[0.0011114431,0.0364267978,0.0670795083,0.0743077546,0.0776283741,0.697,670]]}