{"columns":["mse","mean_relative_error","max_absolute_error","mean_width","max_width","coverage","n_samples"],"index":[0,1,2,3,4,5,6,7,8,9,10,11,12,13,14,15,16,17,18,19],"data":[[0.0017787139,0.0413626919,0.0760405555,0.0173801277,0.0185807943,0.0,100],[0.000284211,0.0172568293,0.0268319729,0.0123957619,0.0127667785,0.026,130],[0.0000843591,0.0093622409,0.0163332982,0.0020151692,0.0042270422,0.003,160],[0.0000600832,0.0080441037,0.0135354317,0.0010900345,0.0012601614,0.0,190],[0.0001434694,0.0125447631,0.0172577631,0.009767469,0.0102627277,0.002,220],[0.0000382586,0.006380678,0.0094311433,0.0003652267,0.000459671,0.0,250],[0.0000273674,0.0053241219,0.0084006449,0.0002504062,0.0013148189,0.003,280],[0.0000097458,0.0027517461,0.0093959714,0.0231639519,0.0252537131,1.0,310],[0.0000269348,0.0048131366,0.0120795551,0.001480277,0.0019979477,0.027,340],[0.0000147368,0.0036676951,0.0088512544,0.0019769368,0.0028216243,0.059,370],[0.0000158955,0.0038176804,0.0080245949,0.0130832037,0.0136166215,0.951,400],[0.0000044396,0.0018555965,0.0062976938,0.0084119532,0.0096523762,0.956,430],[0.0000118614,0.0033594308,0.0070047008,0.0016677325,0.0018210411,0.041,460],[0.0001969499,0.0148106886,0.0192378622,0.0355975032,0.0380100012,0.97,490],[0.003740496,0.0616165466,0.0842321427,0.1115265787,0.1184235215,0.399,520],[0.0074103628,0.0912297599,0.0982849761,0.1439549774,0.1457369328,0.064,550],[0.0003954544,0.020475708,0.027562103,0.0672184974,0.0725637078,1.0,580],[0.0005013004,0.0221506859,0.0365975687,0.0549902245,0.0597698689,0.74,610],[0.0000313629,0.0047866329,0.0144396541,0.0483493209,0.0533630252,1.0,640],[0.0000837436,0.0081440817,0.0177057736,0.0439691544,0.0558302402,1.0,670]]}