{"columns":["mse","mean_relative_error","max_absolute_error","mean_width","max_width","coverage","n_samples"],"index":[0,1,2,3,4,5,6,7,8,9,10,11,12,13,14,15,16,17,18,19,20],"data":[[0.6560281477,0.8639215659,0.8707232417,0.2216207667,0.2363250903,0.0,100],[0.6263552154,0.8442723505,0.8487732386,0.2664641642,0.2767406376,0.0,130],[0.600230279,0.8262923312,0.8341963472,0.2124385136,0.2186243282,0.0,160],[0.641338027,0.8543571018,0.8577836486,0.1788739597,0.1854599509,0.0,190],[0.6948785978,0.8890805189,0.8968669283,0.3097845659,0.3209838243,0.0,220],[0.6359059497,0.8506500212,0.8559533922,0.2534466344,0.2605555539,0.0,250],[0.6480143287,0.8586785966,0.8647734413,0.2888251914,0.3198893205,0.0,280],[0.6162552158,0.8374047308,0.8428065868,0.2325996634,0.2479962209,0.0,310],[0.6125435684,0.8347286708,0.8415589152,0.1696765314,0.194799871,0.0,340],[0.5822549372,0.8139297541,0.8214087704,0.260154736,0.274537445,0.0,370],[0.6094313595,0.8325865195,0.8399045857,0.267765394,0.2849333041,0.0,400],[0.6045815715,0.8292472804,0.8377606513,0.2958731376,0.3085881526,0.0,430],[0.6276676729,0.8449698756,0.8527439328,0.2727211843,0.2874580161,0.0,460],[0.6299987082,0.8464621064,0.8558541627,0.3546426756,0.3885678861,0.0,490],[0.5521319606,0.7925018722,0.8000702204,0.2556965169,0.2687631044,0.0,520],[0.5693656471,0.8049319418,0.8080170038,0.3300548334,0.3646653318,0.0,550],[0.6439798124,0.856027028,0.8613344759,0.2904374413,0.3396364385,0.0,580],[0.6565532753,0.8643407219,0.8696964664,0.3026469467,0.3281339315,0.0,610],[0.0967961338,0.3296002672,0.3598699391,0.8822916485,0.9146099902,1.0,640],[0.0535833266,0.2441801486,0.2753583278,0.7660103168,0.7933319985,1.0,670],[0.0037303115,0.0575183353,0.0989853218,0.8433614133,0.9031937102,1.0,700]]}