{"columns":["mse","mean_relative_error","max_absolute_error","mean_width","max_width","coverage","n_samples"],"index":[0,1,2,3,4,5,6,7,8,9,10,11,12,13,14,15,16,17,18,19],"data":[[0.0693268136,0.2864000855,0.3285906961,0.0179461148,0.019808352,0.0,100],[0.0003819624,0.0181794797,0.0435824865,0.0439852141,0.0480105877,0.678,130],[0.0004407427,0.0213870476,0.0395356817,0.002701588,0.0034055114,0.011,160],[0.0003048433,0.0176495843,0.0337860498,0.0048712376,0.0052118301,0.031,190],[0.0002155403,0.0146558938,0.0289030158,0.0012546835,0.0016806126,0.01,220],[0.0002263778,0.0142844621,0.0362965326,0.0357327275,0.0387269258,0.75,250],[0.0000572618,0.0068997236,0.0189274497,0.0042503187,0.0045803189,0.177,280],[0.0012525649,0.0385866776,0.0528125238,0.22267133,0.2482014298,1.0,310],[0.0000827064,0.0077873327,0.0264872787,0.0035979266,0.0045424104,0.167,340],[0.0000126491,0.0029508274,0.0146269066,0.0129908118,0.0152175426,0.93,370],[0.0000399936,0.005746601,0.016389787,0.0028799267,0.0036915541,0.139,400],[0.0000444079,0.0062190755,0.020404632,0.0020298599,0.0025570989,0.054,430],[0.0000440806,0.0059599704,0.0198433407,0.0018188686,0.0022383928,0.076,460],[0.0000427329,0.0062597647,0.0148574305,0.0020505309,0.0026546121,0.066,490],[0.0098141759,0.0969764515,0.176461161,0.162684083,0.1664294004,0.455,520],[0.0009496323,0.0325002722,0.0449502153,0.0563016571,0.066984117,0.374,550],[0.0003229183,0.0164424746,0.0446554261,0.0621035695,0.0683823228,0.918,580],[0.000481166,0.0215928464,0.0419365058,0.0704687983,0.0736320019,0.943,610],[0.0002591397,0.0146422178,0.034209473,0.0629825667,0.0694121718,0.968,640],[0.0001749527,0.0129848451,0.0274868488,0.0466828756,0.0545853972,0.988,670]]}