{"columns":["mse","mean_relative_error","max_absolute_error","mean_width","max_width","coverage","n_samples"],"index":[0,1,2,3,4,5,6,7,8,9,10,11,12,13,14,15,16,17,18,19],"data":[[0.0049522614,0.0661392657,0.1163799558,0.0078216195,0.0083966255,0.0,100],[0.0034341897,0.0569354218,0.098010163,0.0060529392,0.0062236786,0.0,130],[0.0018630473,0.0390160641,0.0770617052,0.0017781039,0.0023218393,0.018,160],[0.0011676016,0.0317874217,0.0683323066,0.0037181554,0.0039938092,0.0,190],[0.0002235247,0.0139931103,0.0304428977,0.0080457935,0.0088211298,0.16,220],[0.0000859051,0.0083744208,0.0210305196,0.0001124911,0.0002764463,0.003,250],[0.0000772848,0.0079469818,0.0212726872,0.0163146891,0.0178332329,0.63,280],[0.000193121,0.0123134613,0.033270692,0.0016583288,0.001897037,0.034,310],[0.0005993758,0.0203353603,0.052309781,0.0190985985,0.0204439163,0.339,340],[0.0000904592,0.0078463803,0.0294717704,0.0027811141,0.0029623508,0.131,370],[0.000029416,0.0048199252,0.0133411861,0.0018648743,0.0020279288,0.119,400],[0.0000817474,0.0080679268,0.0196636939,0.0186369233,0.0200977325,0.68,430],[0.0001240925,0.0095337895,0.0272191696,0.0124003161,0.0135865211,0.41,460],[0.0000286415,0.0050924099,0.0148956865,0.0034218535,0.00432235,0.084,490],[0.014129436,0.1248230792,0.1705607866,0.3727082908,0.3978742361,0.991,520],[0.0021770099,0.0433914253,0.0832519145,0.2063723207,0.2157842517,1.0,550],[0.0010191095,0.0305504504,0.0580406286,0.1276784688,0.1312160492,1.0,580],[0.0011855891,0.0355781095,0.0567436857,0.1177198365,0.1259212494,1.0,610],[0.0010100192,0.0284125178,0.0644727302,0.1450086832,0.1492533088,1.0,640],[0.0002187332,0.0131103679,0.0341028158,0.1179041266,0.1200211048,1.0,670]]}