{"columns":["mse","mean_relative_error","max_absolute_error","mean_width","max_width","coverage","n_samples"],"index":[0,1,2,3,4,5,6,7,8,9,10,11,12,13,14,15,16,17,18,19,20],"data":[[0.7041709354,0.8952353803,0.8992149623,0.1934134078,0.1983621822,0.0,100],[0.5515269693,0.7919546533,0.8015851768,0.2692158361,0.2816794119,0.0,130],[0.5750134459,0.8088488899,0.8145593496,0.299859889,0.3272723533,0.0,160],[0.7099175745,0.8989358426,0.9020037295,0.2145599135,0.2340086655,0.0,190],[0.6159266311,0.8369129305,0.8470543118,0.2890070512,0.298537875,0.0,220],[0.6975061416,0.8908358023,0.8974594267,0.2428805883,0.252749562,0.0,250],[0.664524606,0.8695632016,0.8757936375,0.1602757201,0.1713355643,0.0,280],[0.6872598067,0.8843197525,0.8900031837,0.281563061,0.2848498531,0.0,310],[0.6354701193,0.8502810313,0.8569829406,0.2704492692,0.282103933,0.0,340],[0.6691508272,0.8726483195,0.8763664605,0.0986967783,0.1065322731,0.0,370],[0.764970188,0.9332218162,0.935234891,0.1601905417,0.1682423764,0.0,400],[0.6720891385,0.8746474458,0.8773723362,0.2364915412,0.2473340376,0.0,430],[0.6938567299,0.8885970273,0.893669848,0.2065192726,0.2227863715,0.0,460],[0.6557671117,0.863738214,0.8710426657,0.1821644443,0.1878556296,0.0,490],[0.7513825316,0.9247175229,0.9301951113,0.2105725878,0.220548008,0.0,520],[0.6494132381,0.8594883001,0.8671364759,0.2080437443,0.2172922153,0.0,550],[0.7221812923,0.9065745075,0.9112393202,0.1920664749,0.2012187608,0.0,580],[0.6784324291,0.8788058221,0.879982007,0.2259713792,0.2413769786,0.0,610],[0.198123569,0.4738468323,0.4930177183,0.8727995641,0.9189151267,0.403,640],[0.1705564153,0.439027838,0.4617188748,0.7264381536,0.7699945729,0.198,670],[0.1416630685,0.3997848663,0.4267968151,0.6326855001,0.6828580584,0.128,700]]}